Month,accounts_charged_off
202002,[[57.92600303]]
202003,[[100.79114894]]
202004,[[162.55481147]]
202005,[[440.14708954]]
202006,[[686.51331905]]
202008,[[887.1552218]]
202009,[[1071.1547776]]
202010,[[1217.48325607]]
202011,[[1353.32020066]]
202012,[[1468.29731464]]
202101,[[1579.17371369]]